[{"model": "eshop.category", "pk": 1, "fields": {"un_category": 1, "name": "\u0422\u043e\u0432\u0430\u0440\u044b", "tag": "1", "created": null, "modified": null}}, {"model": "eshop.category", "pk": 11, "fields": {"un_category": 1, "name": "\u0401\u043b\u043e\u0447\u043d\u044b\u0435 \u0438\u0433\u0440\u0443\u0448\u043a\u0438", "tag": "elka_plays", "created": "2016-12-04T20:41:35.261Z", "modified": "2016-12-09T09:35:26.032Z"}}, {"model": "eshop.category", "pk": 12, "fields": {"un_category": 1, "name": "\u0413\u0438\u0440\u043b\u044f\u043d\u0434\u044b", "tag": "girluanda", "created": "2016-12-04T20:41:54.007Z", "modified": "2016-12-09T09:35:37.238Z"}}, {"model": "eshop.category", "pk": 13, "fields": {"un_category": 1, "name": "\u041f\u043e\u0434 \u0451\u043b\u043a\u0443", "tag": "inder_elka", "created": "2016-12-04T20:42:16.670Z", "modified": "2016-12-09T09:35:45.930Z"}}, {"model": "eshop.image", "pk": 3, "fields": {"image": "/Users/kakoka/webprojects/static/img/upload/652.jpeg", "content_type": 8, "object_id": 6, "created": "2016-12-07T11:56:08.529Z", "modified": "2016-12-11T15:31:43.184Z"}}, {"model": "eshop.image", "pk": 4, "fields": {"image": "/Users/kakoka/webprojects/static/img/upload/el06.jpg", "content_type": 8, "object_id": 5, "created": "2016-12-07T11:56:24.318Z", "modified": "2016-12-11T15:16:55.505Z"}}, {"model": "eshop.image", "pk": 5, "fields": {"image": "/Users/kakoka/webprojects/static/img/upload/el02.jpg", "content_type": 8, "object_id": 8, "created": "2016-12-07T11:57:39.372Z", "modified": "2016-12-11T15:16:34.089Z"}}, {"model": "eshop.image", "pk": 6, "fields": {"image": "/Users/kakoka/webprojects/static/img/upload/el01.jpeg", "content_type": 8, "object_id": 9, "created": "2016-12-07T11:58:49.733Z", "modified": "2016-12-11T15:16:21.012Z"}}, {"model": "eshop.image", "pk": 7, "fields": {"image": "/Users/kakoka/webprojects/static/img/upload/test005.jpg", "content_type": 8, "object_id": 10, "created": "2016-12-09T08:27:47.902Z", "modified": "2016-12-09T08:27:47.902Z"}}, {"model": "eshop.image", "pk": 8, "fields": {"image": "/Users/kakoka/webprojects/static/img/upload/el05.jpeg", "content_type": 8, "object_id": 11, "created": "2016-12-11T15:18:38.387Z", "modified": "2016-12-11T15:18:38.387Z"}}, {"model": "eshop.image", "pk": 9, "fields": {"image": "/Users/kakoka/webprojects/static/img/upload/el07.jpeg", "content_type": 8, "object_id": 12, "created": "2016-12-11T15:19:54.995Z", "modified": "2016-12-11T15:19:54.995Z"}}, {"model": "eshop.image", "pk": 10, "fields": {"image": "/Users/kakoka/webprojects/static/img/upload/girl01.jpg", "content_type": 8, "object_id": 13, "created": "2016-12-11T15:21:11.028Z", "modified": "2016-12-11T15:21:11.028Z"}}, {"model": "eshop.image", "pk": 11, "fields": {"image": "/Users/kakoka/webprojects/static/img/upload/girl001.jpg", "content_type": 8, "object_id": 14, "created": "2016-12-11T15:23:19.163Z", "modified": "2016-12-11T15:23:19.163Z"}}, {"model": "eshop.image", "pk": 12, "fields": {"image": "/Users/kakoka/webprojects/static/img/upload/sneg.jpeg", "content_type": 8, "object_id": 15, "created": "2016-12-11T15:24:55.885Z", "modified": "2016-12-11T15:24:55.885Z"}}, {"model": "eshop.image", "pk": 13, "fields": {"image": "/Users/kakoka/webprojects/static/img/upload/ded.jpeg", "content_type": 8, "object_id": 16, "created": "2016-12-11T15:26:06.752Z", "modified": "2016-12-11T15:26:06.752Z"}}, {"model": "eshop.suppliers", "pk": 1, "fields": {"is_organisation": false, "firstname": "Igor", "lastname": "Kamenev", "organization_name": "none", "email": "igor.kamenev@yandex.ru", "phone": "+79262333223", "address": "Mozhaiskoe shosse 39-12", "notes": "working days - mon-fri", "created": "2016-11-22T13:16:00Z", "modified": "2016-11-22T14:00:00Z"}}, {"model": "eshop.suppliers", "pk": 2, "fields": {"is_organisation": true, "firstname": "none", "lastname": "none", "organization_name": "Flowers", "email": "flowers_19@yandex.ru", "phone": "+79264433223", "address": "Pyatnitskoe shosse 11-12", "notes": "working days - mon-sat", "created": "2016-11-22T13:16:00Z", "modified": "2016-11-22T14:00:00Z"}}, {"model": "eshop.suppliers", "pk": 3, "fields": {"is_organisation": false, "firstname": "Matvey", "lastname": "Nartus", "organization_name": "none", "email": "matv.n@yandex.ru", "phone": "+79269569865", "address": "Pytnitskaya street 12", "notes": "working days - mon-sun", "created": "2016-11-22T13:16:00Z", "modified": "2016-11-22T14:00:00Z"}}, {"model": "eshop.suppliers", "pk": 4, "fields": {"is_organisation": true, "firstname": "none", "lastname": "none", "organization_name": "\u0426\u0435\u0445", "email": "tceh@tceh.ru", "phone": "123-45-67", "address": "Serebrianicheskaya nab. 11", "notes": "", "created": "2016-12-02T12:26:40.306Z", "modified": "2016-12-02T12:26:40.306Z"}}, {"model": "eshop.product", "pk": 5, "fields": {"category": 11, "name": "\u0428\u0430\u0440 100 \u043c\u043c \"\u041e\u0431\u0435\u0437\u044c\u044f\u043d\u0430 \u0441 \u043a\u043e\u043d\u0444\u0435\u0442\u043e\u0439\"", "description": "\u0421\u0442\u0435\u043a\u043b\u044f\u043d\u043d\u043e\u0435 \u0435\u043b\u043e\u0447\u043d\u043e\u0435 \u0443\u043a\u0440\u0430\u0448\u0435\u043d\u0438\u0435 - \u0448\u0430\u0440 \u0434\u0438\u0430\u043c\u0435\u0442\u0440\u043e\u043c - 100\u043c\u043c", "buy_price": "300.00", "sell_price": "350.00", "quantity": 20, "is_InStock": true, "is_OnMainPage": false, "is_NewProduct": false, "created": "2016-12-04T20:44:22.170Z", "modified": "2016-12-11T15:16:55.478Z", "supplier": [1]}}, {"model": "eshop.product", "pk": 6, "fields": {"category": 12, "name": "\u041c\u0438\u043d\u0438-\u0433\u0438\u0440\u043b\u044f\u043d\u0434\u0430 \"\u0412\u0438\u043d\u043e\u0433\u0440\u0430\u0434\" \u0437\u0435\u043b\u0451\u043d\u044b\u0439", "description": "\u0421\u0442\u0435\u043a\u043b\u044f\u043d\u043d\u043e\u0435 \u0435\u043b\u043e\u0447\u043d\u043e\u0435 \u0443\u043a\u0440\u0430\u0448\u0435\u043d\u0438\u0435 - \u043c\u0438\u043d\u0438-\u0433\u0438\u0440\u043b\u044f\u043d\u0434\u0430 (\u0448\u0430\u0440\u044b - 30 \u043c\u043c).", "buy_price": "200.00", "sell_price": "260.00", "quantity": 20, "is_InStock": true, "is_OnMainPage": true, "is_NewProduct": false, "created": "2016-12-04T20:49:56.060Z", "modified": "2016-12-11T15:31:43.159Z", "supplier": [3]}}, {"model": "eshop.product", "pk": 8, "fields": {"category": 11, "name": "\u0415\u043b\u043e\u0447\u043d\u044b\u0439 \u0448\u0430\u0440 \"\u0417\u043e\u043b\u043e\u0442\u043e\u0439 \u0440\u043e\u043c\u0431\"", "description": "\u0415\u043b\u043e\u0447\u043d\u044b\u0439 \u0448\u0430\u0440 \"\u0417\u043e\u043b\u043e\u0442\u043e\u0439 \u0440\u043e\u043c\u0431\"", "buy_price": "530.00", "sell_price": "550.00", "quantity": 10, "is_InStock": true, "is_OnMainPage": true, "is_NewProduct": true, "created": "2016-12-07T11:57:39.312Z", "modified": "2016-12-11T15:16:34.047Z", "supplier": [3]}}, {"model": "eshop.product", "pk": 9, "fields": {"category": 11, "name": "\u0415\u043b\u043e\u0447\u043d\u044b\u0439 \u0448\u0430\u0440 \"\u0417\u0438\u043c\u043d\u044f\u044f \u0434\u0435\u0440\u0435\u0432\u0443\u0448\u043a\u0430\"", "description": "\u0415\u043b\u043e\u0447\u043d\u044b\u0439 \u0448\u0430\u0440 \"\u0417\u0438\u043c\u043d\u044f\u044f \u0434\u0435\u0440\u0435\u0432\u0443\u0448\u043a\u0430\"", "buy_price": "600.00", "sell_price": "640.00", "quantity": 7, "is_InStock": true, "is_OnMainPage": true, "is_NewProduct": false, "created": "2016-12-07T11:58:49.675Z", "modified": "2016-12-11T15:16:20.987Z", "supplier": [3]}}, {"model": "eshop.product", "pk": 10, "fields": {"category": 11, "name": "\u0428\u0430\u0440-4 \"\u043f\u0440\u043e\u0431\u0443\u0436\u0434\u0435\u043d\u0438\u0435\"", "description": "\u0428\u0430\u0440-4 \"\u043f\u0440\u043e\u0431\u0443\u0436\u0434\u0435\u043d\u0438\u0435\" \u0434\u0438\u0430\u043c\u0435\u0442\u0440=7 \u0441\u043c. (860-230)", "buy_price": "200.00", "sell_price": "290.00", "quantity": 10, "is_InStock": true, "is_OnMainPage": false, "is_NewProduct": false, "created": "2016-12-09T08:27:47.857Z", "modified": "2016-12-11T15:30:40.959Z", "supplier": [3]}}, {"model": "eshop.product", "pk": 11, "fields": {"category": 11, "name": "\u0415\u043b\u043e\u0447\u043d\u043e\u0435 \u0443\u043a\u0440\u0430\u0448\u0435\u043d\u0438\u0435 \"\u0428\u0430\u0440-\u0441\u043a\u0430\u0437\u043a\u0430\" 11 \u0441\u043c", "description": "\u0415\u043b\u043e\u0447\u043d\u043e\u0435 \u0443\u043a\u0440\u0430\u0448\u0435\u043d\u0438\u0435 \"\u0428\u0430\u0440-\u0441\u043a\u0430\u0437\u043a\u0430\" 11 \u0441\u043c", "buy_price": "220.00", "sell_price": "250.00", "quantity": 20, "is_InStock": true, "is_OnMainPage": false, "is_NewProduct": false, "created": "2016-12-11T15:18:38.341Z", "modified": "2016-12-11T15:18:38.341Z", "supplier": [3]}}, {"model": "eshop.product", "pk": 12, "fields": {"category": 11, "name": "\u0428\u0430\u0440\u044b \u0441 \u043d\u0430\u043d\u0435\u0441\u0435\u043d\u0438\u0435\u043c \u0420\u041f\u041a \"\u0421\u0442\u0443\u0434\u0438\u044f \u041d\u0430\u0442\u0430\u043b\u0438\u0438 \u041b\u0435\u0431\u0435\u0434\u0435\u0432\u043e\u0439\"", "description": "\u0428\u0430\u0440\u044b \u0441 \u043d\u0430\u043d\u0435\u0441\u0435\u043d\u0438\u0435\u043c \u0420\u041f\u041a \"\u0421\u0442\u0443\u0434\u0438\u044f \u041d\u0430\u0442\u0430\u043b\u0438\u0438 \u041b\u0435\u0431\u0435\u0434\u0435\u0432\u043e\u0439\" .", "buy_price": "230.00", "sell_price": "260.00", "quantity": 20, "is_InStock": true, "is_OnMainPage": false, "is_NewProduct": false, "created": "2016-12-11T15:19:54.952Z", "modified": "2016-12-11T15:30:50.730Z", "supplier": [1]}}, {"model": "eshop.product", "pk": 13, "fields": {"category": 12, "name": "\u0411\u0435\u0441\u0448\u043e\u0432\u043d\u044b\u0435 \u0433\u0438\u0440\u043b\u044f\u043d\u0434\u044b \u0420\u043e\u0436\u0434\u0435\u0441\u0442\u0432\u043e \u043d\u0430 \u0431\u0435\u043b\u043e\u043c.", "description": "\u0411\u0435\u0441\u0448\u043e\u0432\u043d\u044b\u0435 \u0433\u0438\u0440\u043b\u044f\u043d\u0434\u044b \u0420\u043e\u0436\u0434\u0435\u0441\u0442\u0432\u043e \u043d\u0430 \u0431\u0435\u043b\u043e\u043c.", "buy_price": "1000.00", "sell_price": "1200.00", "quantity": 10, "is_InStock": true, "is_OnMainPage": true, "is_NewProduct": false, "created": "2016-12-11T15:21:10.986Z", "modified": "2016-12-11T15:21:10.986Z", "supplier": [3]}}, {"model": "eshop.product", "pk": 14, "fields": {"category": 12, "name": "\u041e\u0431\u044a\u044f\u0432\u043b\u0435\u043d\u0438\u0435 \u0413\u0438\u0440\u043b\u044f\u043d\u0434\u0430 \u0434\u043b\u044f \u0434\u043e\u043c\u0430 \u0432\u043e\u0434\u043e\u043f\u0430\u0434.", "description": "\u041e\u0431\u044a\u044f\u0432\u043b\u0435\u043d\u0438\u0435 \u0413\u0438\u0440\u043b\u044f\u043d\u0434\u0430 \u0434\u043b\u044f \u0434\u043e\u043c\u0430 \u0432\u043e\u0434\u043e\u043f\u0430\u0434 2. 3\u04452.", "buy_price": "1000.00", "sell_price": "1100.00", "quantity": 11, "is_InStock": true, "is_OnMainPage": false, "is_NewProduct": false, "created": "2016-12-11T15:23:19.116Z", "modified": "2016-12-11T15:30:31.880Z", "supplier": [3]}}, {"model": "eshop.product", "pk": 15, "fields": {"category": 13, "name": "\u0414\u0435\u043a\u043e\u0440\u0430\u0442\u0438\u0432\u043d\u0430\u044f \u043a\u0443\u043a\u043b\u0430 \"\u0421\u043d\u0435\u0433\u0443\u0440\u043e\u0447\u043a\u0430 \u0433\u043e\u043b\u0443\u0431\u0430\u044f \u043f\u043e\u0434 \u0435\u043b\u043a\u0443\"", "description": "\u0414\u0435\u043a\u043e\u0440\u0430\u0442\u0438\u0432\u043d\u0430\u044f \u043a\u0443\u043a\u043b\u0430 \"\u0421\u043d\u0435\u0433\u0443\u0440\u043e\u0447\u043a\u0430 \u0433\u043e\u043b\u0443\u0431\u0430\u044f \u043f\u043e\u0434 \u0435\u043b\u043a\u0443\" 35 \u0441\u043c", "buy_price": "500.00", "sell_price": "545.00", "quantity": 12, "is_InStock": true, "is_OnMainPage": false, "is_NewProduct": false, "created": "2016-12-11T15:24:55.842Z", "modified": "2016-12-11T15:29:58.494Z", "supplier": [3]}}, {"model": "eshop.product", "pk": 16, "fields": {"category": 13, "name": "\u0414\u0435\u043a\u043e\u0440\u0430\u0442\u0438\u0432\u043d\u0430\u044f \u043a\u0443\u043a\u043b\u0430 \"\u0414\u0435\u0434 \u041c\u043e\u0440\u043e\u0437 \u043f\u043e\u0434 \u0435\u043b\u043a\u0443\"", "description": "\u0414\u0435\u043a\u043e\u0440\u0430\u0442\u0438\u0432\u043d\u0430\u044f \u043a\u0443\u043a\u043b\u0430 \"\u0414\u0435\u0434 \u041c\u043e\u0440\u043e\u0437 \u043f\u043e\u0434 \u0435\u043b\u043a\u0443\" 40 \u0441\u043c.", "buy_price": "600.00", "sell_price": "675.00", "quantity": 10, "is_InStock": true, "is_OnMainPage": true, "is_NewProduct": false, "created": "2016-12-11T15:26:06.701Z", "modified": "2016-12-11T15:29:45.878Z", "supplier": [3]}}, {"model": "eshop.customers", "pk": 1, "fields": {"firstname": "\u041c\u0430\u0442\u0432\u0435\u0439", "lastname": "\u0421\u0438\u0434\u043e\u0440\u043e\u0432", "email": "matvey@utki.ru", "password": "123", "phone": "123-12-12", "birthdate": "2016-12-01", "payment": 1, "notes": "", "created": "2016-12-02T11:30:51.523Z", "modified": "2016-12-02T11:30:51.523Z", "address": [1], "shipment": [1]}}, {"model": "eshop.address", "pk": 1, "fields": {"street": "\u041c\u043e\u0436\u0430\u0439\u0441\u043a\u043e\u0435 \u0448\u043e\u0441\u0441\u0435", "building": "39", "appartment": "30", "created": "2016-11-28T13:30:51.751Z", "modified": "2016-11-28T13:30:51.751Z"}}, {"model": "eshop.address", "pk": 2, "fields": {"street": "\u041c\u0430\u043d\u0442\u0443\u043b\u0438\u043d\u0441\u043a\u0430\u044f \u0443\u043b\u0438\u0446\u0430", "building": "2", "appartment": "12", "created": "2016-11-28T13:31:08.798Z", "modified": "2016-11-28T13:31:08.798Z"}}, {"model": "eshop.address", "pk": 3, "fields": {"street": "\u041a\u0440\u0435\u043c\u0435\u043d\u0447\u0443\u0433\u0441\u043a\u0430\u044f \u0443\u043b\u0438\u0446\u0430", "building": "12", "appartment": "34", "created": "2016-11-28T17:22:52.342Z", "modified": "2016-11-28T17:22:52.342Z"}}, {"model": "eshop.address", "pk": 4, "fields": {"street": "\u0412\u0435\u0440\u0435\u0439\u0441\u043a\u0430\u044f \u0443\u043b\u0438\u0446\u0430", "building": "12", "appartment": "4", "created": "2016-11-28T21:06:49.395Z", "modified": "2016-11-28T21:06:49.395Z"}}, {"model": "eshop.address", "pk": 5, "fields": {"street": "\u0420\u0438\u043c\u0441\u043a\u0430\u044f \u0443\u043b\u0438\u0446\u0430", "building": "121", "appartment": "55", "created": "2016-12-02T10:15:56.915Z", "modified": "2016-12-02T11:10:51.317Z"}}, {"model": "eshop.shipments", "pk": 1, "fields": {"method": "\u041a\u0443\u0440\u044c\u0435\u0440\u0441\u043a\u0430\u044f \u0434\u043e\u0441\u0442\u0430\u0432\u043a\u0430", "created": "2016-12-02T11:29:52.419Z", "modified": "2016-12-02T11:29:52.419Z"}}, {"model": "eshop.payments", "pk": 1, "fields": {"payment": "\u041e\u043f\u043b\u0430\u0442\u0430 \u043d\u0430\u043b\u0438\u0447\u043d\u044b\u043c\u0438"}}, {"model": "eshop.catalog", "pk": 1, "fields": {"item": 6, "is_OnMainPage": true, "is_NewProduct": true, "created": "2016-12-07T10:29:20.800Z", "modified": "2016-12-07T10:29:20.800Z"}}, {"model": "eshop.catalog", "pk": 2, "fields": {"item": 5, "is_OnMainPage": true, "is_NewProduct": false, "created": "2016-12-07T10:29:29.347Z", "modified": "2016-12-07T10:29:29.348Z"}}, {"model": "eshop.catalog", "pk": 3, "fields": {"item": 9, "is_OnMainPage": true, "is_NewProduct": false, "created": "2016-12-07T11:59:50.196Z", "modified": "2016-12-07T11:59:50.196Z"}}, {"model": "eshop.catalog", "pk": 4, "fields": {"item": 8, "is_OnMainPage": true, "is_NewProduct": false, "created": "2016-12-07T11:59:59.953Z", "modified": "2016-12-07T11:59:59.953Z"}}, {"model": "eshop.orders", "pk": 1, "fields": {"customer": 1, "shipment": 1, "payment": 1, "status": 1, "date": "2016-12-02T18:09:03Z", "is_payed": true, "created": "2016-12-02T18:11:22.336Z", "modified": "2016-12-02T18:11:22.336Z"}}, {"model": "eshop.orderstatus", "pk": 1, "fields": {"status": "\u041d\u043e\u0432\u044b\u0439 \u0437\u0430\u043a\u0430\u0437"}}, {"model": "eshop.orderstatus", "pk": 2, "fields": {"status": "\u0412 \u043e\u0431\u0440\u0430\u0431\u043e\u0442\u043a\u0435"}}]